Kartini;BIRTH;347099;19.58%;Apr-16;21-04-16;Not in the Top 1000;295037;16.64%;Apr-17;21-04-17;Not in the Top 1000;289951;16.36%;Apr-18;21-04-18;Not in the Top 1000;;;;;
Ki_Hadjar_Dewantara;BIRTH;44509;5.22%;May-16;02-05-16;Not in the Top 1000;46236;5.42%;May-17;02-05-17;Not in the Top 1000;43623;5.12%;May-18;02-05-18;Not in the Top 1000;;;;;
Perang_Dunia_II;HIST;93377;4.96%;Aug-15;25-08-15;Not in the Top 1000;105952;5.63%;Aug-16;23-08-16;Not in the Top 1000;92668;4.93%;Aug-17;09-08-17;Not in the Top 1000;;;;;
Perang_Dunia_I;HIST;68612;5.22%;Jan-16;11-01-16;Not in the Top 1000;66820;5.08%;Jan-17;11-01-17;Not in the Top 1000;74660;5.68%;Jan-18;09-01-18;Not in the Top 1000;;;;;
Kalimantan_Utara;HIST;39840;5.04%;Aug-15;04-08-15;Not in the Top 1000;36715;4.65%;Aug-16;01-08-16;Not in the Top 1000;33915;4.29%;Sep-17;06-09-17;Not in the Top 1000;;;;;
Pertumbuhan_ekonomi;HIST;61891;7.20%;Aug-15;11-08-15;Not in the Top 1000;50848;5.92%;Aug-16;02-08-16;Not in the Top 1000;50724;5.90%;Aug-17;22-08-17;Not in the Top 1000;;;;;
Sejarah_Internet;HIST;112051;7.92%;Aug-15;11-08-15;Not in the Top 1000;120348;8.51%;Aug-16;02-08-16;Not in the Top 1000;105327;7.45%;Aug-17;01-08-17;Not in the Top 1000;;;;;
Ilmu_ekonomi;HIST;58862;7.45%;Aug-15;05-08-15;Not in the Top 1000;55275;6.99%;Aug-16;01-08-16;Not in the Top 1000;50707;6.41%;Aug-17;01-08-17;Not in the Top 1000;;;;;
Marsinah;HIST;45692;9.16%;Aug-15;11-08-15;Not in the Top 1000;35834;7.18%;Aug-16;02-08-16;Not in the Top 1000;32236;6.46%;Aug-17;15-08-17;Not in the Top 1000;;;;;
Peristiwa_10_November;HIST;105920;6.28%;Nov-15;09-11-15;Not in the Top 1000;134457;7.97%;Nov-16;10-11-16;Not in the Top 1000;109482;6.49%;Nov-17;10-11-17;Not in the Top 1000;;;;;
Daftar_anggota_BPUPKI-PPKI;HIST;58780;7.56%;Aug-16;08-08-16;Not in the Top 1000;77987;10.04%;Aug-17;01-08-17;Not in the Top 1000;83129;10.70%;Aug-18;01-08-18;Not in the Top 1000;;;;;
Tragedi_Semanggi;HIST;30065;7.19%;Aug-15;11-08-15;Not in the Top 1000;28298;6.77%;Aug-16;09-08-16;Not in the Top 1000;25025;5.99%;Aug-17;08-08-17;Not in the Top 1000;29763;7.12%;Aug-18;07-08-18;Not in the Top 1000
Republik_Maluku_Selatan;HIST;34449;6.46%;Aug-16;02-08-16;Not in the Top 1000;35577;6.67%;Aug-17;01-08-17;Not in the Top 1000;46017;8.63%;Aug-18;01-08-18;Not in the Top 1000;;;;;
Mohammad_Yamin;HIST;36678;6.80%;Aug-16;10-08-16;Not in the Top 1000;33802;6.26%;Aug-17;17-08-17;Not in the Top 1000;31211;5.78%;Aug-18;28-08-18;Not in the Top 1000;;;;;
Otonomi_daerah;HIST;98389;5.72%;Nov-15;30-11-15;Not in the Top 1000;112704;6.55%;Nov-16;28-11-16;Not in the Top 1000;97319;5.65%;Nov-17;27-11-17;Not in the Top 1000;;;;;
Basuki_Abdullah;HIST;17016;5.82%;Aug-16;02-08-16;Not in the Top 1000;17487;5.98%;Aug-17;02-08-17;Not in the Top 1000;16810;5.75%;Aug-18;07-08-18;Not in the Top 1000;;;;;
Serangan_11_September_2001;HIST;26876;6.15%;Sep-15;11-09-15;Not in the Top 1000;26395;6.04%;Sep-16;11-09-16;Not in the Top 1000;24855;5.69%;Sep-17;11-09-17;Not in the Top 1000;;;;;
Pertahanan_negara;HIST;25799;5.36%;Sep-15;29-09-15;Not in the Top 1000;29401;6.11%;Sep-16;19-09-16;Not in the Top 1000;25979;5.40%;Sep-17;25-09-17;Not in the Top 1000;;;;;
Sutomo;HIST;23623;5.37%;Nov-15;10-11-15;Not in the Top 1000;24458;5.56%;Nov-16;10-11-16;Not in the Top 1000;28712;6.53%;Nov-17;10-11-17;Not in the Top 1000;;;;;
Agus_Salim;HIST;18575;4.68%;Aug-16;18-08-16;Not in the Top 1000;19944;5.03%;Aug-17;17-08-17;Not in the Top 1000;19136;4.83%;Aug-18;12-08-18;Not in the Top 1000;;;;;
Hari_Ibu;HIST;194995;22.65%;Dec-15;21-12-15;Not in the Top 1000;180137;20.92%;Dec-16;21-12-16;Not in the Top 1000;148506;17.25%;Dec-17;21-12-17;Not in the Top 1000;;;;;
Tahun_Baru_Imlek;HIST;100864;22.10%;Feb-16;08-02-16;Not in the Top 1000;75886;16.63%;Jan-17;28-01-17;Not in the Top 1000;62577;13.71%;Feb-18;16-02-18;Not in the Top 1000;;;;;
April_Mop;HIST;212367;38.10%;Apr-16;01-04-16;Not in the Top 1000;120898;21.69%;Apr-17;01-04-17;Not in the Top 1000;94348;16.93%;Apr-18;01-04-18;Not in the Top 1000;;;;;
Habis_Gelap_Terbitlah_Terang;HIST;32831;14.41%;Apr-16;21-04-16;Not in the Top 1000;39604;17.39%;Apr-17;21-04-17;Not in the Top 1000;28857;12.67%;Apr-18;21-04-18;Not in the Top 1000;;;;;
Soesalit_Djojoadhiningrat;HIST;16749;22.07%;Apr-16;21-04-16;Not in the Top 1000;17274;22.76%;Apr-17;21-04-17;Not in the Top 1000;12275;16.17%;Apr-18;21-04-18;Not in the Top 1000;;;;;
Geopolitik_di_Indonesia;HIST;23728;7.83%;May-16;24-05-16;Not in the Top 1000;23010;7.59%;May-17;29-05-17;Not in the Top 1000;18274;6.03%;May-18;21-05-18;Not in the Top 1000;;;;;
Soepomo;HIST;14150;6.96%;Aug-16;08-08-16;Not in the Top 1000;14187;6.97%;Aug-17;08-08-17;Not in the Top 1000;12960;6.37%;Aug-18;07-08-18;Not in the Top 1000;;;;;
Fernando_de_Magelhaens;HIST;14082;5.97%;Aug-16;03-08-16;Not in the Top 1000;16008;6.79%;Aug-17;02-08-17;Not in the Top 1000;15506;6.58%;Aug-18;01-08-18;Not in the Top 1000;;;;;
Orang-orang_majus_dari_Timur;HIST;9033;7.88%;Dec-15;25-12-15;Not in the Top 1000;11178;9.75%;Dec-16;25-12-16;Not in the Top 1000;13061;11.40%;Dec-17;24-12-17;Not in the Top 1000;;;;;
Proklamasi_Kemerdekaan_Indonesia;NAT;241744;6.97%;Aug-15;17-08-15;Not in the Top 1000;243335;7.01%;Aug-16;17-08-16;Not in the Top 1000;237393;6.84%;Aug-17;16-08-17;Not in the Top 1000;307087;8.85%;Aug-18;16-08-18;Not in the Top 1000
Sumpah_Pemuda;NAT;220267;9.82%;Oct-16;28-10-16;Not in the Top 1000;234367;10.45%;Oct-17;28-10-17;Not in the Top 1000;269727;12.02%;Oct-18;28-10-18;Not in the Top 1000;;;;;
Yusuf_Mansur;NAT;8644;4.60%;Jul-15;03-07-15;Not in the Top 1000;7901;4.20%;Jun-16;08-06-16;Not in the Top 1000;8558;4.55%;Jun-17;16-06-17;Not in the Top 1000;;;;;
Paskibraka;NAT;45909;7.48%;Aug-16;17-08-16;Not in the Top 1000;34177;5.57%;Aug-17;17-08-17;Not in the Top 1000;41294;6.73%;Aug-18;17-08-18;Not in the Top 1000;;;;;
Daftar_hari_kemerdekaan_nasional;NAT;14261;7.86%;Aug-15;17-08-15;Not in the Top 1000;17215;9.48%;Aug-16;17-08-16;Not in the Top 1000;16285;8.97%;Aug-17;17-08-17;Not in the Top 1000;;;;;
Lembaga_sosial;NAT;47546;6.61%;Nov-15;23-11-15;Not in the Top 1000;63276;8.80%;Nov-16;22-11-16;Not in the Top 1000;55099;7.66%;Nov-17;15-11-17;Not in the Top 1000;;;;;
Peraturan_perundang-undangan_Indonesia;NAT;45188;7.57%;Nov-15;30-11-15;Not in the Top 1000;47337;7.93%;Nov-16;28-11-16;Not in the Top 1000;39867;6.68%;Nov-17;27-11-17;Not in the Top 1000;;;;;
Hari_Batik_Nasional;NAT;26533;12.98%;Oct-15;02-10-15;Not in the Top 1000;24220;11.85%;Oct-16;02-10-16;Not in the Top 1000;37887;18.54%;Oct-17;01-10-17;Not in the Top 1000;32187;15.75%;Oct-18;02-10-18;Not in the Top 1000
Otonomi_daerah_di_Indonesia;NAT;45726;6.92%;Nov-15;30-11-15;Not in the Top 1000;53593;8.11%;Nov-16;28-11-16;Not in the Top 1000;47806;7.23%;Nov-17;27-11-17;Not in the Top 1000;;;;;
Peraturan_Daerah_(Indonesia);NAT;42984;7.84%;Nov-15;30-11-15;Not in the Top 1000;54318;9.91%;Nov-16;28-11-16;Not in the Top 1000;51713;9.43%;Nov-17;28-11-17;Not in the Top 1000;;;;;
Kebijakan_publik;NAT;29375;8.42%;Nov-15;17-11-15;Not in the Top 1000;28464;8.16%;Nov-16;22-11-16;Not in the Top 1000;25520;7.31%;Nov-17;28-11-17;Not in the Top 1000;;;;;
Perangkat_daerah;NAT;22737;9.70%;Nov-15;30-11-15;Not in the Top 1000;24927;10.63%;Nov-16;28-11-16;Not in the Top 1000;19260;8.21%;Nov-17;27-11-17;Not in the Top 1000;;;;;
Persatuan_Guru_Republik_Indonesia;NAT;20746;11.18%;Nov-15;24-11-15;Not in the Top 1000;13174;7.10%;Nov-16;24-11-16;Not in the Top 1000;12123;6.53%;Nov-17;24-11-17;Not in the Top 1000;;;;;
Komisi_Pemilihan_Umum;NAT;20468;5.24%;Nov-16;29-11-16;Not in the Top 1000;20679;5.29%;Oct-17;30-10-17;Not in the Top 1000;22496;5.76%;Oct-18;29-10-18;Not in the Top 1000;;;;;
Dewan_Perwakilan_Rakyat_Daerah;NAT;14979;6.99%;Nov-15;30-11-15;Not in the Top 1000;14505;6.77%;Nov-16;28-11-16;Not in the Top 1000;14771;6.89%;Nov-17;28-11-17;Not in the Top 1000;;;;;
Peraturan_Pemerintah_(Indonesia);NAT;14769;7.23%;Nov-15;09-11-15;Not in the Top 1000;14513;7.10%;Nov-16;22-11-16;Not in the Top 1000;17631;8.63%;Nov-17;14-11-17;Not in the Top 1000;14412;7.05%;Oct-18;25-10-18;Not in the Top 1000
Korps_Pegawai_Republik_Indonesia;NAT;14302;13.69%;Nov-15;28-11-15;Not in the Top 1000;8773;8.40%;Nov-16;29-11-16;Not in the Top 1000;9420;9.02%;Nov-17;28-11-17;Not in the Top 1000;;;;;
Daftar_Kementerian_di_Republik_Indonesia;NAT;52559;8.40%;Aug-16;22-08-16;Not in the Top 1000;63437;10.13%;Aug-17;08-08-17;Not in the Top 1000;59024;9.43%;Aug-18;19-08-18;Not in the Top 1000;;;;;
Penetapan_hari_jadi_Jakarta;NAT;10366;11.63%;Jun-16;22-06-16;Not in the Top 1000;9696;10.87%;Jun-17;22-06-17;Not in the Top 1000;6629;7.43%;Jun-18;22-06-18;Not in the Top 1000;;;;;
Daftar_Menteri_Koordinator_Bidang_Politik,_Hukum,_dan_Keamanan_Indonesia;NAT;20875;7.94%;Aug-16;29-08-16;Not in the Top 1000;34231;13.02%;Aug-17;09-08-17;Not in the Top 1000;23473;8.93%;Aug-18;28-08-18;Not in the Top 1000;;;;;
Arsip_Nasional_Republik_Indonesia;NAT;14328;9.83%;Aug-16;22-08-16;Not in the Top 1000;16000;10.98%;Aug-17;22-08-17;Not in the Top 1000;11868;8.15%;Aug-18;19-08-18;Not in the Top 1000;;;;;
Geopolitik;NAT;9779;6.83%;May-16;17-05-16;Not in the Top 1000;13226;9.23%;May-17;29-05-17;Not in the Top 1000;8990;6.28%;May-18;21-05-18;Not in the Top 1000;;;;;
Hubungan_luar_negeri_Indonesia;NAT;10414;6.34%;Jan-16;19-01-16;Not in the Top 1000;10223;6.23%;Jan-17;18-01-17;Not in the Top 1000;14038;8.55%;Jan-18;16-01-18;Not in the Top 1000;;;;;
Minal_'Aidin_wal-Faizin;REL;67101;26.55%;Jul-15;16-07-15;Not in the Top 1000;64815;25.65%;Jul-16;05-07-16;Not in the Top 1000;49033;19.40%;Jun-17;24-06-17;Not in the Top 1000;;;;;
Iktikaf;REL;37388;12.19%;Jul-15;07-07-15;Not in the Top 1000;35438;11.55%;Jun-16;25-06-16;Not in the Top 1000;46371;15.11%;Jun-17;15-06-17;Not in the Top 1000;64600;21.05%;Jun-18;07-06-18;Not in the Top 1000
Nuzulul_Qur'an;REL;34043;10.13%;Jul-15;03-07-15;Not in the Top 1000;35689;10.62%;Jun-16;21-06-16;Not in the Top 1000;46925;13.96%;Jun-17;11-06-17;Not in the Top 1000;;;;;
Waktu_haram_puasa;REL;55067;8.83%;Sep-15;21-09-15;Not in the Top 1000;68154;10.93%;Sep-16;15-09-16;Not in the Top 1000;62681;10.05%;Sep-17;04-09-17;Not in the Top 1000;67159;10.77%;Aug-18;22-08-18;Not in the Top 1000
Salat_Tarawih;REL;59732;19.74%;Jun-16;05-06-16;Not in the Top 1000;42725;14.12%;May-17;26-05-17;Not in the Top 1000;47607;15.73%;May-18;16-05-18;Not in the Top 1000;;;;;
Hilal;REL;13250;12.63%;Jul-15;16-07-15;Not in the Top 1000;17521;16.70%;Jun-16;05-06-16;Not in the Top 1000;14889;14.19%;May-17;26-05-17;Not in the Top 1000;;;;;
Ramadan;REL;44387;13.86%;Jun-16;05-06-16;60;42600;13.30%;May-17;26-05-17;126;60664;18.95%;May-18;16-05-18;88;;;;;
Mudik;REL;11160;12.78%;Jul-15;15-07-15;Not in the Top 1000;10687;12.24%;Jul-16;02-07-16;Not in the Top 1000;16909;19.36%;Jun-17;19-06-17;Not in the Top 1000;11027;12.63%;Jun-18;13-06-18;Not in the Top 1000
Zabur;REL;17184;5.63%;Aug-16;02-08-16;Not in the Top 1000;22031;7.22%;Aug-17;01-08-17;Not in the Top 1000;18439;6.04%;Aug-18;01-08-18;Not in the Top 1000;;;;;
Hari_Tasyrik;REL;35372;13.02%;Sep-16;14-09-16;Not in the Top 1000;60337;22.21%;Sep-17;03-09-17;Not in the Top 1000;39184;14.42%;Aug-18;22-08-18;Not in the Top 1000;;;;;
Halloween;REL;101208;20.02%;Oct-15;31-10-15;11;87635;17.33%;Oct-16;31-10-16;20;83335;16.48%;Oct-17;31-10-17;14;;;;;
Satu_Suro;REL;34411;20.08%;Oct-15;13-10-15;Not in the Top 1000;23003;13.42%;Oct-16;01-10-16;Not in the Top 1000;28791;16.80%;Sep-17;20-09-17;Not in the Top 1000;30046;17.53%;Sep-18;10-09-18;Not in the Top 1000
Maulid_Nabi_Muhammad;REL;103164;16.74%;Dec-15;24-12-15;Not in the Top 1000;117483;19.06%;Dec-16;11-12-16;Not in the Top 1000;70708;11.47%;Dec-17;01-12-17;Not in the Top 1000;;;;;
Natal;REL;64974;19.89%;Dec-15;24-12-15;Not in the Top 1000;59517;18.22%;Dec-16;25-12-16;Not in the Top 1000;52716;16.14%;Dec-17;25-12-17;Not in the Top 1000;;;;;
Sinterklas;REL;22446;24.08%;Dec-15;25-12-15;Not in the Top 1000;19670;21.10%;Dec-16;25-12-16;Not in the Top 1000;11954;12.82%;Dec-17;25-12-17;Not in the Top 1000;;;;;
Pohon_Natal;REL;16905;21.95%;Dec-15;24-12-15;Not in the Top 1000;14529;18.86%;Dec-16;25-12-16;Not in the Top 1000;12760;16.57%;Dec-17;24-12-17;Not in the Top 1000;;;;;
Kelahiran_Yesus;REL;14220;7.32%;Dec-15;24-12-15;Not in the Top 1000;16180;8.33%;Dec-16;24-12-16;Not in the Top 1000;17152;8.83%;Dec-17;24-12-17;Not in the Top 1000;;;;;
Isa;REL;12847;3.70%;Dec-15;25-12-15;Not in the Top 1000;12761;3.68%;Dec-16;25-12-16;Not in the Top 1000;13796;3.98%;Dec-17;25-12-17;Not in the Top 1000;;;;;
Rabu_Abu;REL;29512;18.79%;Feb-16;10-02-16;Not in the Top 1000;32588;20.75%;Mar-17;01-03-17;Not in the Top 1000;41676;26.53%;Feb-18;14-02-18;Not in the Top 1000;;;;;
Cap_Go_Meh;REL;29034;19.26%;Feb-16;22-02-16;Not in the Top 1000;25173;16.70%;Feb-17;11-02-17;Not in the Top 1000;20482;13.59%;Mar-18;02-03-18;Not in the Top 1000;;;;;
Paskah;REL;76619;18.19%;Mar-16;25-03-16;Not in the Top 1000;79756;18.94%;Apr-17;14-04-17;Not in the Top 1000;56549;13.43%;Mar-18;30-03-18;Not in the Top 1000;;;;;
Nyepi;REL;56252;18.37%;Mar-16;09-03-16;Not in the Top 1000;62276;20.34%;Mar-17;28-03-17;Not in the Top 1000;38969;12.73%;Mar-18;17-03-18;Not in the Top 1000;;;;;
Jumat_Agung;REL;42993;25.51%;Mar-16;24-03-16;Not in the Top 1000;35288;20.94%;Apr-17;14-04-17;Not in the Top 1000;31624;18.76%;Mar-18;30-03-18;Not in the Top 1000;;;;;
Kamis_Putih;REL;30431;23.49%;Mar-16;24-03-16;Not in the Top 1000;33035;25.50%;Apr-17;13-04-17;Not in the Top 1000;27829;21.48%;Mar-18;29-03-18;Not in the Top 1000;;;;;
Minggu_Palma;REL;21245;22.07%;Mar-16;20-03-16;Not in the Top 1000;22326;23.19%;Apr-17;09-04-17;Not in the Top 1000;23897;24.82%;Mar-18;25-03-18;Not in the Top 1000;;;;;
Isra_Mikraj;REL;78180;12.42%;May-16;06-05-16;Not in the Top 1000;102001;16.21%;Apr-17;24-04-17;Not in the Top 1000;122770;19.51%;Apr-18;14-04-18;Not in the Top 1000;;;;;
Kenaikan_Yesus_Kristus;REL;40155;22.90%;May-16;04-05-16;Not in the Top 1000;30751;17.54%;May-17;25-05-17;Not in the Top 1000;24517;13.98%;May-18;10-05-18;Not in the Top 1000;;;;;
Nisfu_Sya'ban;REL;38686;23.45%;May-16;21-05-16;Not in the Top 1000;50297;30.49%;May-17;11-05-17;Not in the Top 1000;47641;28.88%;Apr-18;30-04-18;Not in the Top 1000;;;;;
Waisak;REL;28778;13.58%;May-16;21-05-16;Not in the Top 1000;35740;16.86%;May-17;11-05-17;Not in the Top 1000;28453;13.42%;May-18;29-05-18;Not in the Top 1000;;;;;
Istihadhah;REL;15814;5.90%;Jun-16;06-06-16;Not in the Top 1000;14903;5.56%;Jun-17;09-06-17;Not in the Top 1000;15732;5.87%;May-18;17-05-18;Not in the Top 1000;;;;;
Idulfitri;REL;42138;19.27%;Jul-16;06-07-16;Not in the Top 1000;29790;13.63%;Jun-17;24-06-17;Not in the Top 1000;31709;14.50%;Jun-18;14-06-18;Not in the Top 1000;;;;;
Pekan_Suci;REL;13753;23.53%;Mar-16;24-03-16;Not in the Top 1000;13352;22.84%;Apr-17;13-04-17;Not in the Top 1000;8676;14.84%;Mar-18;29-03-18;Not in the Top 1000;;;;;
Iftar;REL;10019;14.13%;Jun-16;06-06-16;Not in the Top 1000;12310;17.36%;Jun-17;05-06-17;Not in the Top 1000;14342;20.22%;May-18;31-05-18;Not in the Top 1000;;;;;
Hari_Pengucapan_Syukur;REL;13706;15.72%;Nov-15;27-11-15;Not in the Top 1000;13653;15.66%;Nov-16;25-11-16;Not in the Top 1000;14681;16.84%;Nov-17;24-11-17;Not in the Top 1000;;;;;
Roh_Kudus;REL;10341;4.88%;May-16;15-05-16;Not in the Top 1000;10423;4.92%;May-17;28-05-17;Not in the Top 1000;13356;6.31%;May-18;20-05-18;Not in the Top 1000;;;;;
Penyerbukan_sendiri;SCI;11997;8.30%;Jul-15;30-07-15;Not in the Top 1000;17847;12.34%;Jul-16;21-07-16;Not in the Top 1000;15494;10.71%;Jul-17;20-07-17;Not in the Top 1000;;;;;
Metode_ilmiah;SCI;56289;8.91%;Aug-15;11-08-15;Not in the Top 1000;51791;8.20%;Aug-16;01-08-16;Not in the Top 1000;52175;8.26%;Aug-17;01-08-17;Not in the Top 1000;;;;;
Kelompok_sosial;SCI;50809;4.96%;Aug-15;05-08-15;Not in the Top 1000;55323;5.40%;Aug-16;02-08-16;Not in the Top 1000;56196;5.48%;Aug-17;02-08-17;Not in the Top 1000;;;;;
Sistem_Satuan_Internasional;SCI;45297;6.40%;Aug-15;05-08-15;Not in the Top 1000;59501;8.41%;Aug-16;01-08-16;Not in the Top 1000;49546;7.00%;Aug-17;02-08-17;Not in the Top 1000;44810;6.33%;Aug-18;07-08-18;Not in the Top 1000
Retikulum_endoplasma;SCI;31097;6.73%;Aug-15;06-08-15;Not in the Top 1000;29178;6.31%;Aug-16;02-08-16;Not in the Top 1000;33846;7.33%;Aug-17;01-08-17;Not in the Top 1000;29224;6.32%;Aug-18;01-08-18;Not in the Top 1000
Auksin;SCI;26260;9.94%;Aug-15;05-08-15;Not in the Top 1000;23093;8.74%;Aug-16;02-08-16;Not in the Top 1000;20704;7.84%;Aug-17;02-08-17;Not in the Top 1000;21687;8.21%;Aug-18;01-08-18;Not in the Top 1000
Osmosis;SCI;26017;7.50%;Aug-15;25-08-15;Not in the Top 1000;22803;6.57%;Aug-16;09-08-16;Not in the Top 1000;24592;7.09%;Aug-17;09-08-17;Not in the Top 1000;24608;7.09%;Aug-18;08-08-18;Not in the Top 1000
Jangka_sorong;SCI;23506;7.96%;Aug-15;11-08-15;Not in the Top 1000;21093;7.14%;Aug-16;09-08-16;Not in the Top 1000;28253;9.56%;Aug-17;08-08-17;Not in the Top 1000;20756;7.03%;Aug-18;07-08-18;Not in the Top 1000
Mekanika_kuantum;SCI;20612;6.59%;Aug-15;12-08-15;Not in the Top 1000;19866;6.35%;Aug-16;09-08-16;Not in the Top 1000;20605;6.59%;Aug-17;23-08-17;Not in the Top 1000;23045;7.37%;Aug-18;20-08-18;Not in the Top 1000
Meksiko;SCI;19284;5.71%;Aug-15;10-08-15;Not in the Top 1000;18511;5.48%;Aug-16;02-08-16;Not in the Top 1000;17265;5.11%;Aug-17;07-08-17;Not in the Top 1000;;;;;
Transpor_pasif;SCI;15988;9.69%;Aug-15;19-08-15;Not in the Top 1000;14709;8.91%;Aug-16;10-08-16;Not in the Top 1000;17266;10.46%;Aug-17;09-08-17;Not in the Top 1000;13145;7.96%;Aug-18;07-08-18;Not in the Top 1000
Transpor_aktif;SCI;15779;9.36%;Aug-15;19-08-15;Not in the Top 1000;13632;8.08%;Aug-16;10-08-16;Not in the Top 1000;15939;9.45%;Aug-17;07-08-17;Not in the Top 1000;16926;10.04%;Aug-18;12-08-18;Not in the Top 1000
Dormansi;SCI;13453;8.74%;Aug-15;11-08-15;Not in the Top 1000;9954;6.47%;Aug-16;03-08-16;Not in the Top 1000;9033;5.87%;Aug-17;01-08-17;Not in the Top 1000;;;;;
Spora;SCI;13349;6.01%;Aug-15;19-08-15;Not in the Top 1000;15012;6.76%;Aug-16;08-08-16;Not in the Top 1000;13857;6.24%;Aug-17;08-08-17;Not in the Top 1000;16757;7.54%;Aug-18;20-08-18;Not in the Top 1000
Plasmolisis;SCI;16600;8.16%;Aug-16;09-08-16;Not in the Top 1000;21830;10.73%;Aug-17;09-08-17;Not in the Top 1000;16725;8.22%;Aug-18;07-08-18;Not in the Top 1000;;;;;
Perubahan_wujud_zat;SCI;45203;6.06%;Nov-16;30-11-16;Not in the Top 1000;47852;6.42%;Nov-17;29-11-17;Not in the Top 1000;48458;6.50%;Oct-18;30-10-18;Not in the Top 1000;;;;;
Himpunan_(matematika);SCI;46660;7.73%;Sep-16;20-09-16;Not in the Top 1000;48092;7.97%;Sep-17;18-09-17;Not in the Top 1000;53225;8.82%;Sep-18;24-09-18;Not in the Top 1000;;;;;
Kalkulus;SCI;13211;5.44%;Sep-15;07-09-15;Not in the Top 1000;12376;5.10%;Sep-16;06-09-16;Not in the Top 1000;12766;5.26%;Sep-17;12-09-17;Not in the Top 1000;;;;;
Protozoa;SCI;39868;7.44%;Nov-15;17-11-15;Not in the Top 1000;41274;7.70%;Nov-16;23-11-16;Not in the Top 1000;36938;6.89%;Nov-17;15-11-17;Not in the Top 1000;;;;;
Ikatan_kimia;SCI;21271;6.71%;Oct-16;18-10-16;Not in the Top 1000;22388;7.06%;Oct-17;11-10-17;Not in the Top 1000;21720;6.85%;Oct-18;15-10-18;Not in the Top 1000;;;;;
Protista;SCI;34306;8.55%;Nov-15;17-11-15;Not in the Top 1000;36920;9.20%;Nov-16;21-11-16;Not in the Top 1000;34614;8.62%;Nov-17;15-11-17;Not in the Top 1000;;;;;
Bioteknologi;SCI;27986;5.21%;Feb-16;10-02-16;Not in the Top 1000;26783;4.99%;Feb-17;13-02-17;Not in the Top 1000;27694;5.16%;Feb-18;20-02-18;Not in the Top 1000;;;;;
Sel_darah_putih;SCI;23973;4.83%;Nov-16;16-11-16;Not in the Top 1000;26684;5.37%;Nov-17;22-11-17;Not in the Top 1000;27996;5.64%;Oct-18;31-10-18;Not in the Top 1000;;;;;
Darah;SCI;17871;4.75%;Nov-15;11-11-15;Not in the Top 1000;17735;4.72%;Nov-16;16-11-16;Not in the Top 1000;17702;4.71%;Nov-17;21-11-17;Not in the Top 1000;;;;;
Mutasi;SCI;29330;8.41%;Jan-16;06-01-16;Not in the Top 1000;27138;7.79%;Jan-17;11-01-17;Not in the Top 1000;25787;7.40%;Jan-18;09-01-18;Not in the Top 1000;;;;;
Paramecium;SCI;16143;8.92%;Nov-15;18-11-15;Not in the Top 1000;16580;9.17%;Nov-16;23-11-16;Not in the Top 1000;14001;7.74%;Nov-17;22-11-17;Not in the Top 1000;;;;;
Kesadahan_air;SCI;14274;5.58%;Nov-15;17-11-15;Not in the Top 1000;17053;6.67%;Nov-16;14-11-16;Not in the Top 1000;16411;6.42%;Nov-17;28-11-17;Not in the Top 1000;;;;;
Elektrolit;SCI;32375;7.61%;Jan-16;19-01-16;Not in the Top 1000;27678;6.50%;Jan-17;10-01-17;Not in the Top 1000;34482;8.10%;Jan-18;09-01-18;Not in the Top 1000;;;;;
Evolusi;SCI;26204;6.68%;Jan-16;11-01-16;Not in the Top 1000;22405;5.71%;Jan-17;11-01-17;Not in the Top 1000;23762;6.05%;Jan-18;09-01-18;Not in the Top 1000;;;;;
Gaya_gesek;SCI;23224;7.82%;Jan-16;13-01-16;Not in the Top 1000;19698;6.63%;Jan-17;18-01-17;Not in the Top 1000;19966;6.72%;Jan-18;17-01-18;Not in the Top 1000;;;;;
Charles_Darwin;SCI;16777;4.85%;Jan-16;13-01-16;Not in the Top 1000;15241;4.41%;Jan-17;11-01-17;Not in the Top 1000;17002;4.92%;Jan-18;16-01-18;Not in the Top 1000;;;;;
Tanaman_transgenik;SCI;15437;6.38%;Feb-16;23-02-16;Not in the Top 1000;17189;7.10%;Feb-17;20-02-17;Not in the Top 1000;17159;7.09%;Feb-18;27-02-18;Not in the Top 1000;;;;;
Sistem_koloid;SCI;63498;10.75%;May-16;25-05-16;Not in the Top 1000;60050;10.16%;May-17;17-05-17;Not in the Top 1000;48725;8.25%;May-18;24-05-18;Not in the Top 1000;;;;;
Jam_Bumi;SCI;19230;34.55%;Mar-16;19-03-16;Not in the Top 1000;8377;15.05%;Mar-17;25-03-17;Not in the Top 1000;10068;18.09%;Mar-18;24-03-18;Not in the Top 1000;;;;;
Prestasi;SCI;14860;7.54%;Mar-16;02-03-16;Not in the Top 1000;13834;7.02%;Mar-17;07-03-17;Not in the Top 1000;12740;6.46%;Mar-18;06-03-18;Not in the Top 1000;;;;;
Daur_biogeokimia;SCI;30056;7.48%;May-16;16-05-16;Not in the Top 1000;32266;8.03%;May-17;09-05-17;Not in the Top 1000;30625;7.62%;May-18;21-05-18;Not in the Top 1000;;;;;
Ekonomi_syariah;SCI;34858;7.95%;Aug-16;10-08-16;Not in the Top 1000;32987;7.53%;Aug-17;24-08-17;Not in the Top 1000;31994;7.30%;Aug-18;07-08-18;Not in the Top 1000;;;;;
Kronologi;SCI;16657;6.47%;Aug-16;10-08-16;Not in the Top 1000;17366;6.75%;Aug-17;01-08-17;Not in the Top 1000;14752;5.73%;Aug-18;01-08-18;Not in the Top 1000;;;;;
Sabana;SCI;12856;5.85%;Aug-15;19-08-15;Not in the Top 1000;15954;7.26%;Aug-16;02-08-16;Not in the Top 1000;14419;6.56%;Aug-17;23-08-17;Not in the Top 1000;;;;;
Impresionisme;SCI;14083;5.31%;Aug-16;09-08-16;Not in the Top 1000;15291;5.77%;Aug-17;01-08-17;Not in the Top 1000;14443;5.45%;Aug-18;29-08-18;Not in the Top 1000;;;;;
Ejaan_yang_Disempurnakan;SCI;23108;7.63%;Oct-16;03-10-16;Not in the Top 1000;23422;7.74%;Oct-17;02-10-17;Not in the Top 1000;22608;7.47%;Oct-18;31-10-18;Not in the Top 1000;;;;;
Alga_merah;SCI;12430;8.63%;Nov-15;19-11-15;Not in the Top 1000;16492;11.45%;Nov-16;20-11-16;Not in the Top 1000;15394;10.68%;Nov-17;21-11-17;Not in the Top 1000;;;;;
Malari;SCI;11952;6.07%;Jan-16;15-01-16;Not in the Top 1000;13079;6.64%;Jan-17;15-01-17;Not in the Top 1000;12057;6.13%;Jan-18;15-01-18;Not in the Top 1000;;;;;
Warna-warna_liturgi;SCI;8834;7.94%;Mar-16;25-03-16;Not in the Top 1000;13990;12.58%;Apr-17;14-04-17;Not in the Top 1000;12704;11.42%;Mar-18;31-03-18;Not in the Top 1000;;;;;
Efek_Tyndall;SCI;11902;9.45%;May-16;17-05-16;Not in the Top 1000;12970;10.30%;May-17;17-05-17;Not in the Top 1000;11754;9.33%;May-18;24-05-18;Not in the Top 1000;;;;;
Zat_adiktif;SCI;12014;6.71%;Nov-15;23-11-15;Not in the Top 1000;11950;6.67%;Nov-16;23-11-16;Not in the Top 1000;14765;8.24%;Nov-17;21-11-17;Not in the Top 1000;;;;;
Logam_transisi;SCI;12685;7.14%;Nov-16;01-11-16;Not in the Top 1000;14307;8.05%;Nov-17;22-11-17;Not in the Top 1000;12000;6.75%;Oct-18;31-10-18;Not in the Top 1000;;;;;
Zygomycota;SCI;11881;9.60%;Jan-16;11-01-16;Not in the Top 1000;10889;8.80%;Jan-17;16-01-17;Not in the Top 1000;14750;11.92%;Jan-18;15-01-18;Not in the Top 1000;;;;;
Liga_Champions_UEFA;SPORT;55790;10.17%;May-16;28-05-16;Not in the Top 1000;36838;6.71%;May-17;11-05-17;Not in the Top 1000;36734;6.69%;May-18;26-05-18;Not in the Top 1000;;;;;
Lempar_cakram;SPORT;29973;6.34%;Mar-16;01-03-16;Not in the Top 1000;32229;6.82%;Mar-17;15-03-17;Not in the Top 1000;30728;6.50%;Mar-18;31-03-18;Not in the Top 1000;;;;;
Liga_Bangsa-Bangsa;SPORT;15226;6.63%;Jan-16;20-01-16;Not in the Top 1000;17300;7.53%;Jan-17;23-01-17;Not in the Top 1000;22710;9.88%;Jan-18;16-01-18;Not in the Top 1000;;;;;
Sejarah_Internet_Indonesia;TECH;43397;12.68%;Aug-15;10-08-15;Not in the Top 1000;38828;11.35%;Aug-16;02-08-16;Not in the Top 1000;33510;9.79%;Aug-17;01-08-17;Not in the Top 1000;;;;;
Intranet;TECH;20756;8.76%;Aug-15;10-08-15;Not in the Top 1000;18867;7.96%;Aug-16;02-08-16;Not in the Top 1000;16575;6.99%;Aug-17;01-08-17;Not in the Top 1000;;;;;
Para_Pencari_Tuhan;TVMOV;13599;9.92%;Jul-15;07-07-15;Not in the Top 1000;14935;10.89%;Jun-16;06-06-16;Not in the Top 1000;18940;13.82%;Jun-17;01-06-17;Not in the Top 1000;;;;;
Kantong_semar;TVMOV;17904;6.39%;Aug-15;05-08-15;Not in the Top 1000;19355;6.91%;Aug-16;02-08-16;Not in the Top 1000;19255;6.88%;Aug-17;01-08-17;Not in the Top 1000;;;;;
Zumi_Zola;TVMOV;36392;8.80%;Dec-15;09-12-15;Not in the Top 1000;58002;14.03%;Jan-17;21-01-17;Not in the Top 1000;34712;8.40%;Feb-18;02-02-18;Not in the Top 1000;;;;;
Non-Stop_(film);TVMOV;10423;17.26%;Jun-16;03-06-16;Not in the Top 1000;7694;12.74%;May-17;10-05-17;Not in the Top 1000;7081;11.72%;Apr-18;18-04-18;Not in the Top 1000;;;;;
